Name,Slug,Collection ID,Item ID,Created On,Updated On,Published On,Post Body,Post Summary,Main Image,Thumbnail image,Featured?,Color
10 Quick Tips About Blogging,10-quick-tips-about-blogging,61dc2fdfb9ba71a1d3f6789e,61dc2fdfb9ba71c9a3f678cf,Thu Feb 21 2019 14:48:38 GMT+0000 (Coordinated Universal Time),Mon Jan 10 2022 14:37:44 GMT+0000 (Coordinated Universal Time),Mon Jan 10 2022 13:09:44 GMT+0000 (Coordinated Universal Time),<h2>Dicta hic harum et occaecati ad.</h2><p>Nihil tenetur qui iure assumenda. Ut optio officia. Est quia sed.</p><h3>Qui voluptatum et ab sunt tenetur voluptas.</h3><blockquote>Sunt quia et vitae non porro. Similique magni sapiente illo occaecati dolores aut ex doloremque. Veritatis impedit accusantium rerum aut unde accusantium.</blockquote><p>Consequatur modi et sapiente ut. Omnis voluptatum quia. Nihil iure doloremque voluptas dignissimos. Labore sunt esse illum qui molestias delectus voluptatibus. Sit impedit eum aliquam porro possimus laborum aut nostrum. Vel atque laboriosam explicabo non voluptas.</p><p>Aut in quisquam veniam aut. Quae consequuntur culpa. Qui ea adipisci optio cumque temporibus omnis. Quia quo est est nisi possimus non. Facilis qui maiores quia et aut. Eum eveniet maiores qui sunt asperiores.</p><h2>Occaecati excepturi laudantium consequatur quas natus eos.</h2><p>Enim ut quo voluptatem. Aut nostrum placeat dolorem voluptatem veniam fugiat omnis illum sequi. Harum assumenda et vero voluptatem illum labore distinctio sed quas. Iusto et doloremque aut ex esse. Ducimus id dolores veniam blanditiis atque sed et vitae sit.</p><h3>Beatae sunt quisquam consequuntur quod at magni nostrum.</h3><blockquote>Dolore molestiae omnis recusandae nobis ut voluptas quas. Dolorem at consectetur velit cupiditate sed. Ab voluptatem saepe praesentium.</blockquote><p>Minima eveniet et. Quia repudiandae quidem aut id aspernatur et ea ipsum. Dolor occaecati debitis quasi quo veniam.</p><p>Quae quia quaerat totam vel. In dolorem esse illo corrupti et. Perspiciatis ratione est sed ut et voluptate velit magnam dicta. Quae rem sed ut autem ut numquam. Reprehenderit nobis distinctio sint id quidem repudiandae.</p><h2>Et necessitatibus voluptatem.</h2><p>Quia quod animi autem. Aperiam fugiat dolores totam repellendus voluptas ipsum sint. Nemo qui enim. Dolor et aperiam voluptas laborum.</p><h3>Illum harum voluptatem.</h3><blockquote>Maxime eum non. Consequuntur eveniet eligendi ut tempore. Est ducimus voluptas mollitia sed corporis dolore sed itaque hic. Omnis amet omnis quasi quod aperiam dolor aut. Aliquam repellat ullam voluptatibus.</blockquote><p>Fugiat quasi officia nihil aut. Velit at eveniet sint at et. Autem cum officiis reiciendis est corrupti sunt corrupti omnis consequatur. Sunt alias enim. Repudiandae sequi nihil quam non suscipit eligendi repudiandae nostrum.</p><p>Aut debitis impedit iste iste. Consectetur error odio voluptatem est. Magni doloremque possimus exercitationem repellendus quo non praesentium. Exercitationem est laudantium porro ipsa dolorem quasi aspernatur sed ipsam.</p>,"Sit quam quae perferendis harum amet dolorum possimus minus.
Occaecati magnam animi quasi dolor quae et aut.
Autem voluptas alias nobis in odit.
Aperiam harum eum modi neque.
Ipsum iusto beatae et esse nobis illum hic natus.
Sapiente non cumque quia facilis.
Quo est odio culpa eaque sit ipsum mol",https://uploads-ssl.webflow.com/61dc2fdfb9ba71515ef6789f/61dc2fdfb9ba717de9f678a9_placeholder%201.svg,https://uploads-ssl.webflow.com/61dc2fdfb9ba71515ef6789f/61dc2fdfb9ba717de9f678a9_placeholder%201.svg,true,#bbb
14 Common Problems with modern Web Design,14-common-misconceptions-about-web-design,61dc2fdfb9ba71a1d3f6789e,61dc2fdfb9ba71fb4bf678d8,Thu Feb 21 2019 14:48:38 GMT+0000 (Coordinated Universal Time),Wed May 15 2019 14:15:14 GMT+0000 (Coordinated Universal Time),Mon Jan 10 2022 13:09:44 GMT+0000 (Coordinated Universal Time),<h2>Vel mollitia harum debitis quis facilis placeat.</h2><p>Accusamus tempore magnam. Iste magnam placeat aut quo dolor. Placeat quia optio sint aperiam sunt velit adipisci similique. Labore odio dolorum voluptate iusto vel omnis placeat accusantium est. Dolorem est expedita nostrum modi accusantium saepe dignissimos occaecati. Quibusdam est voluptatem nostrum.</p><h3>Officiis harum consequatur est sint.</h3><blockquote>Perferendis est earum. Iste dolor quam velit qui et autem. Quaerat perferendis dolorem iusto. Aut qui blanditiis molestias debitis.</blockquote><p>Dolore commodi et dicta consectetur quas facilis. Sed eos sint reprehenderit cum qui asperiores. Dicta asperiores voluptatem quia sequi at est. Rerum non sunt hic in est minima nemo eos ut. Quia omnis ut sed dolores velit.</p><p>Cupiditate perferendis harum tempore qui explicabo. Rerum vel rerum nihil totam eligendi sunt consequatur voluptatem quae. Omnis qui illo porro facere quidem quod totam minima. Ipsa ratione totam.</p>,"Est aperiam dolores fuga ut id.
Itaque et minima quae similique aliquid.
Est tempora aliquam quasi nihil dolores ut blanditiis dolor.
Laboriosam omnis quae accusamus totam a totam eius.
Est ad ea est autem ut iusto sed velit et.
Possimus quos hic dolo",https://uploads-ssl.webflow.com/61dc2fdfb9ba71515ef6789f/61dc2fdfb9ba7182f5f678aa_placeholder%202.svg,https://uploads-ssl.webflow.com/61dc2fdfb9ba71515ef6789f/61dc2fdfb9ba7182f5f678aa_placeholder%202.svg,false,#bbb
15 Best Blogs To Follow About Web Design,15-best-blogs-to-follow-about-web-design,61dc2fdfb9ba71a1d3f6789e,61dc2fdfb9ba714da3f678d9,Thu Feb 21 2019 14:48:38 GMT+0000 (Coordinated Universal Time),Wed May 15 2019 14:14:30 GMT+0000 (Coordinated Universal Time),Mon Jan 10 2022 13:09:44 GMT+0000 (Coordinated Universal Time),<h2>Deleniti totam distinctio enim ea fugit labore.</h2><p>Et tenetur ipsum ut nemo quo. Dolorem laudantium voluptatem sed architecto libero non ea quia. Explicabo aut ratione quisquam ut provident et architecto non repellendus.</p><h3>Voluptate qui delectus sunt voluptates error autem.</h3><blockquote>Quia quia sapiente iste iure officia suscipit dignissimos voluptatem. Molestiae cumque debitis ad omnis recusandae sapiente corrupti autem. Provident sit deserunt. Officiis deserunt quia enim et.</blockquote><p>Id quas consequatur voluptatum quibusdam in architecto sunt autem commodi. Qui aliquam quia dolorum. Fuga modi odit cupiditate esse. Non repudiandae possimus totam quas veniam necessitatibus blanditiis.</p><p>Id ut quae aut libero. Dolores vero dolores. Et eveniet a et accusamus incidunt repudiandae excepturi. Nobis debitis rerum quia quia est non dolorum quam.</p><h2>Blanditiis aut est iste numquam necessitatibus ea commodi non dolores.</h2><p>Saepe placeat quis. Voluptate ut cupiditate. Sit natus eum quisquam.</p><h3>Quaerat earum illo vel.</h3><blockquote>Accusantium quo sapiente corrupti architecto. Quo eligendi quos recusandae aut est delectus facere qui. Praesentium libero ut ut qui vero qui ea aut. Voluptas eum non eos molestiae illo fugit.</blockquote><p>Magni quo nihil quia officia. Rerum eaque in itaque. Quae et cumque sunt dolorem.</p><p>Error minima non neque et amet placeat eum soluta sint. Eaque ratione et voluptas ex. Ut delectus ullam est laboriosam quis. Et sint ratione voluptatem voluptatem aspernatur sit. Suscipit maiores voluptatem.</p>,"Maxime repellendus beatae asperiores.
Est sapiente a et consectetur quo voluptate explicabo quis.
Dignissimos error esse sapiente aperiam amet eum perspiciatis.
Dolor totam voluptatum veritatis ex assumenda ut assumenda accus",https://uploads-ssl.webflow.com/61dc2fdfb9ba71515ef6789f/61dc2fdfb9ba7182f5f678aa_placeholder%202.svg,https://uploads-ssl.webflow.com/61dc2fdfb9ba71515ef6789f/61dc2fdfb9ba7182f5f678aa_placeholder%202.svg,false,#bbb
5 Principles Of Effective Web Design,5-principles-of-effective-web-design,61dc2fdfb9ba71a1d3f6789e,61dc2fdfb9ba71d094f678bd,Thu Feb 21 2019 14:48:38 GMT+0000 (Coordinated Universal Time),Wed May 15 2019 14:15:18 GMT+0000 (Coordinated Universal Time),Mon Jan 10 2022 13:09:44 GMT+0000 (Coordinated Universal Time),<h2>Numquam aliquid aut veritatis enim numquam deleniti vitae voluptatem.</h2><p>Facere nihil quibusdam aut. Minus quo alias incidunt quibusdam accusamus nihil nobis iusto sint. Et tempora modi fugiat enim iusto. Laudantium temporibus cum. Deserunt dignissimos nulla nihil illum dolores reiciendis iusto non qui. A error perspiciatis.</p><h3>Vel vero cumque.</h3><blockquote>Voluptate aut reiciendis. Voluptatem necessitatibus molestiae. Quo pariatur quasi veritatis et sit perspiciatis. Veniam temporibus expedita facilis impedit error vero aut temporibus. Alias eaque ipsa et similique. Voluptate excepturi ullam.</blockquote><p>Sed libero voluptas voluptatem sint. Dolor aliquam esse. Quo autem alias omnis nemo voluptate exercitationem recusandae veniam mollitia. Excepturi aut illo non.</p><p>Dignissimos aliquam laborum voluptas. Consequuntur est sapiente aut harum cumque. Consequatur et et debitis ea qui sed veniam molestias tenetur.</p><h2>Nam nam eveniet possimus iusto perferendis sed.</h2><p>Eaque voluptas dolorum nisi sit quidem est. A qui incidunt dolor qui cupiditate optio facilis. Non veniam beatae est sed. Suscipit eligendi aliquid repellendus tempora. Consequatur sint enim.</p><h3>Quo nulla voluptatibus nihil.</h3><blockquote>Et fugiat quibusdam corporis perferendis. Voluptas omnis illo corporis ex illo non. Occaecati repellendus sapiente est ut saepe dolores in ea. Vel voluptatem ab iusto. Ipsum exercitationem pariatur voluptas nihil dolorem aspernatur.</blockquote><p>Occaecati voluptatem consequuntur aut illum necessitatibus eligendi qui dicta iste. Sint esse et eveniet velit omnis quidem esse non. Doloremque fuga itaque recusandae pariatur.</p><p>Sapiente totam maxime consequatur odio nihil. Earum nulla dicta ipsum sint id tenetur inventore qui dolorem. Optio tempore dolorem possimus quos labore eveniet.</p>,"Qui unde velit voluptatem architecto qui sequi et delectus.
Dolore at quia et tempora maiores qui vel ipsam voluptas.
Cupiditate qui vel.
Placeat dolor ex voluptas architecto sit.
Ea ad deserunt dicta et.
Asperiores veniam voluptatum odio veritatis alias nihil.
Dolor libero fac",https://uploads-ssl.webflow.com/61dc2fdfb9ba71515ef6789f/61dc2fdfb9ba717de9f678a9_placeholder%201.svg,https://uploads-ssl.webflow.com/61dc2fdfb9ba71515ef6789f/61dc2fdfb9ba717de9f678a9_placeholder%201.svg,true,#bbb
7 of the Best Examples of Beautiful Blog Design,7-of-the-best-examples-of-beautiful-blog-design,61dc2fdfb9ba71a1d3f6789e,61dc2fdfb9ba716ec9f678da,Thu Feb 21 2019 14:48:38 GMT+0000 (Coordinated Universal Time),Wed May 15 2019 14:14:39 GMT+0000 (Coordinated Universal Time),Mon Jan 10 2022 13:09:44 GMT+0000 (Coordinated Universal Time),<h2>Delectus nesciunt dolorem nulla nihil qui dolores.</h2><p>Beatae qui error fugiat aspernatur. Iure velit natus non qui. Enim aliquid debitis cum.</p><h3>Est harum rem qui aut.</h3><blockquote>Nemo aspernatur eos qui cupiditate. Molestiae voluptatem aliquam reprehenderit. Facere est nemo et. Officia beatae voluptatem nesciunt ut.</blockquote><p>In consequuntur doloribus ut voluptas sed. Rem temporibus et molestiae. Nesciunt officia et quia eos non. Et possimus veniam sed.</p><p>Alias velit mollitia officia placeat voluptatem quam. Eligendi nesciunt sit voluptatem inventore quis quia eaque a distinctio. Accusamus perspiciatis voluptate quo dolorem quis. Animi consequuntur quis nisi non. Harum eos voluptatem quam dolorum in magni eligendi dolorem. Illum aliquid ullam vero voluptates velit beatae velit doloremque.</p><h2>Aperiam sed itaque.</h2><p>Omnis provident vero. Sunt tempora dolores voluptas a sint pariatur iste. Ducimus aut enim. Id neque distinctio autem aut. Ut ut expedita repellat dolores qui minus.</p><h3>Placeat animi consequatur eaque ut.</h3><blockquote>Praesentium repellat quo quis eum ducimus aut. Aut eum quod quia. Cumque iste nostrum id. Beatae sit et iste eos itaque doloribus vel velit. Ducimus ullam eum.</blockquote><p>Error sit neque atque quia dicta omnis assumenda nulla. Natus sit dolor consequatur sed autem sequi. Qui asperiores quia molestiae tempore. Aperiam iure reiciendis nulla sint quis labore deserunt. Debitis nihil delectus eveniet animi accusamus sit distinctio.</p><p>Fugiat placeat natus accusamus molestiae perferendis magni sed. Ex exercitationem occaecati maxime. Voluptatibus in corporis quidem culpa unde. Qui molestiae illo illum quo. Delectus impedit earum. Minus repellat minus minima in illo.</p><h2>Ut perferendis assumenda.</h2><p>Deleniti veniam mollitia harum at et non sunt. Maxime dignissimos recusandae occaecati et voluptatum sapiente. Repudiandae vitae dolor.</p><h3>Perspiciatis dolorum at provident.</h3><blockquote>Sed earum occaecati cumque et reprehenderit perspiciatis dolores. Fuga iusto libero ad iste officia. Error est in ut quas suscipit officia. Aut ad iure incidunt. Rerum doloribus excepturi culpa veniam. Culpa sapiente expedita quia sapiente.</blockquote><p>Magnam quibusdam quia autem et expedita qui. Tenetur quis excepturi voluptatum. Ut fugiat et repudiandae dolor omnis autem ut eum fugit.</p><p>Alias et repellat veniam est vel aliquid voluptas officiis. Non et ut velit delectus debitis ipsa temporibus eos. Et id rerum voluptas quidem quidem. Sint esse neque dicta voluptatem dicta eum consequatur sed ut.</p>,"Harum et neque voluptate voluptatem aut quis culpa modi.
Enim similique provident et libero quod magni soluta.
Repudiandae deserunt architecto itaque repellat perfe",https://uploads-ssl.webflow.com/61dc2fdfb9ba71515ef6789f/61dc2fdfb9ba714919f678ab_placeholder%203.svg,https://uploads-ssl.webflow.com/61dc2fdfb9ba71515ef6789f/61dc2fdfb9ba714919f678ab_placeholder%203.svg,true,#bbb
